Label,X,Y,Z
NzHS,-5.96781168407,7.01213110999,5.57309764975
IzHS,-4.37383162823,-9.34100486912,12.0339624051
ARHS,-6.28411932019,-3.17231454597,1.21475473779
ALHS,-8.49404978985,1.11440913959,14.3981188043
Fp1HS,,,
Fp2HS,,,
FzHS,,,
F3HS,,,
F4HS,,,
F7HS,,,
F8HS,,,
CzHS,6.8015799524,2.10090541777,10.3005898273
C3HS,,,
C4HS,,,
T3HS,,,
T4HS,,,
PzHS,,,
P3HS,,,
P4HS,,,
T5HS,,,
T6HS,,,
O1HS,,,
O2HS,,,
